{
  "closed": false,
  "preset": "blue-fronted-parrot",
  "remembered": {
    "blue-fronted-parrot": {
      "0": {
        "num": 239,
        "spread": 0.1,
        "angle": 137.41,
        "growth": 0.12,
        "angle_open": 0,
        "starting_angle_open": 88.3368569415081,
        "growth_regular": false,
        "strategy": "normal",
        "crown_z": -10,
        "crown_growth": 0.12,
        "crown_spread": 1.55,
        "crown_scale": 0.5565912923408463,
        "crown_phistart": 5.5616226195767364,
        "crown_philength": 2.197251585623679,
        "crown_amplitude": 3.1968800697900877,
        "crown_freq": 0.4247357293868922,
        "crown_xoffset": 4.180163755253829,
        "crown_yoffset": 0.4515355915118,
        "crown_segment": 38.04203727946584,
        "crown_segment_length": 1.9914349429095444,
        "crown_length": 14.613300261712828,
        "petals_from": 116.10077519379846,
        "petals_scale": 0.6657761665962659,
        "petals_phistart": 1.0088090204369276,
        "petals_philength": 1.1,
        "petals_amplitude": 0.9,
        "petals_freq": 0.9930232558139535,
        "petals_xoffset": 11.767341260081672,
        "petals_yoffset": 24.03030303030303,
        "petals_segment": 10,
        "petals_segment_length": 2.420507399577167,
        "petals_length": 15.786469344608879,
        "sec_petals_from": 72.93798449612403,
        "sec_petals_scale": 0.5168877017025119,
        "sec_petals_phistart": 1.2884425651867513,
        "sec_petals_philength": 1.057297685390953,
        "sec_petals_amplitude": 1.3616918802848506,
        "sec_petals_freq": 0.8035940803382664,
        "sec_petals_xoffset": 15,
        "sec_petals_yoffset": 19.33967582804792,
        "sec_petals_segment": 13.31552333192532,
        "sec_petals_segment_length": 2.641508104298802,
        "sec_petals_length": 14.873150105708245,
        "crown_mat_color": "#08516f",
        "crown_mat_emissive": "#000000",
        "crown_mat_shininess": 0,
        "crown_mat_map": "fifth",
        "crown_mat_alpha": 0.5,
        "petal_one_mat_color": "#b6a2a2",
        "petal_one_mat_emissive": "#000000",
        "petal_one_mat_shininess": 0.8,
        "petal_one_mat_map": "first",
        "petal_one_mat_alpha": 0.5,
        "petal_two_mat_color": "#84a979",
        "petal_two_mat_emissive": "#000000",
        "petal_two_mat_shininess": 0.5,
        "petal_two_mat_map": "fourth",
        "petal_two_mat_alpha": 0.5,
        "petal_three_mat_color": "#dbd577",
        "petal_three_mat_emissive": "#000000",
        "petal_three_mat_shininess": 0.8,
        "petal_three_mat_map": "third",
        "petal_three_mat_alpha": 0.5,
        "petal_four_mat_color": "#78c6a2",
        "petal_four_mat_emissive": "#000000",
        "petal_four_mat_shininess": 0.8,
        "petal_four_mat_map": "second",
        "petal_four_mat_alpha": 0.5
      }
    },
    "fischers-lovebird": {
      "0": {
        "num": 370,
        "spread": 0.5,
        "angle": 136.04,
        "growth": 0.04,
        "angle_open": 6.314305849189569,
        "starting_angle_open": 50,
        "growth_regular": false,
        "strategy": "angle",
        "crown_z": 5,
        "crown_growth": 0.21,
        "crown_spread": 0,
        "crown_scale": 0.6784355179704017,
        "crown_phistart": 0.5194503171247358,
        "crown_philength": 1.0787174066243834,
        "crown_amplitude": 1.507188160676533,
        "crown_freq": 0.2623678646934461,
        "crown_xoffset": 3.9641296687808314,
        "crown_yoffset": 10.31923890063425,
        "crown_segment": 22.99506694855532,
        "crown_segment_length": 1.42600422832981,
        "crown_length": 10.915433403805498,
        "petals_from": 78.39994419439756,
        "petals_scale": 0.1,
        "petals_phistart": 0.9205408731922455,
        "petals_philength": 1.8094601524838447,
        "petals_amplitude": 0.788195571064464,
        "petals_freq": 0.1,
        "petals_xoffset": 5.522848754685848,
        "petals_yoffset": 18.410298008534053,
        "petals_segment": 19.182831726256968,
        "petals_segment_length": 1.8833529461718561,
        "petals_length": 13.422192542562794,
        "sec_petals_from": 212.09075689381154,
        "sec_petals_scale": 0.4672582134045937,
        "sec_petals_phistart": 0.7837840609935378,
        "sec_petals_philength": 1.3308113097883683,
        "sec_petals_amplitude": 0.6734963092203866,
        "sec_petals_freq": 0.2,
        "sec_petals_xoffset": 1.6,
        "sec_petals_yoffset": 6.410990615615194,
        "sec_petals_segment": 8.286401851069623,
        "sec_petals_segment_length": 2,
        "sec_petals_length": 5.977769297875084,
        "crown_mat_color": 16769693,
        "crown_mat_emissive": 0,
        "crown_mat_shininess": 0.2,
        "crown_mat_map": "third",
        "crown_mat_alpha": 0.35,
        "petal_one_mat_color": 9336438,
        "petal_one_mat_emissive": "#000000",
        "petal_one_mat_shininess": 0.8,
        "petal_one_mat_map": "first",
        "petal_one_mat_alpha": 0.35,
        "petal_two_mat_color": 13157820,
        "petal_two_mat_emissive": 0,
        "petal_two_mat_shininess": 0.8,
        "petal_two_mat_map": "fourth",
        "petal_two_mat_alpha": 0.35,
        "petal_three_mat_color": 8774627,
        "petal_three_mat_emissive": 0,
        "petal_three_mat_shininess": 0.8,
        "petal_three_mat_map": "second",
        "petal_three_mat_alpha": 0.35,
        "petal_four_mat_color": 3636996,
        "petal_four_mat_emissive": 2631720,
        "petal_four_mat_shininess": 0.8,
        "petal_four_mat_map": "fifth",
        "petal_four_mat_alpha": 0.35
      }
    },
    "eastern-rosella": {
      "0": {
        "num": 486,
        "spread": 0.30000000000000004,
        "angle": 134.51,
        "growth": 0.04,
        "angle_open": 5.293812085111261,
        "starting_angle_open": 70.40323407803298,
        "growth_regular": false,
        "strategy": "radius",
        "crown_z": 10,
        "crown_growth": 0.1,
        "crown_spread": 0,
        "crown_scale": 0.820507399577167,
        "crown_phistart": 4.271082772060581,
        "crown_philength": 2.2197305890799672,
        "crown_amplitude": 5.0251585623678645,
        "crown_freq": 0.18118393234672303,
        "crown_xoffset": 4.300140944326991,
        "crown_yoffset": 11.401691331923889,
        "crown_segment": 7.867308394331648,
        "crown_segment_length": 5,
        "crown_length": 11.635530963837745,
        "petals_from": 119.69767441860465,
        "petals_scale": 0.6260725759579315,
        "petals_phistart": 0.16837840609935378,
        "petals_philength": 2.698379431775444,
        "petals_amplitude": 4.34387268823086,
        "petals_freq": 0.1,
        "petals_xoffset": 1.743287501419954,
        "petals_yoffset": 20.174902036904474,
        "petals_segment": 9.124588764545571,
        "petals_segment_length": 1.7752709494341679,
        "petals_length": 19.97328499788798,
        "sec_petals_from": 231.2015503875969,
        "sec_petals_scale": 0.5466653946812626,
        "sec_petals_phistart": 1.057297685390953,
        "sec_petals_philength": 1.2624329036890145,
        "sec_petals_amplitude": 1.7057896658170828,
        "sec_petals_freq": 0.1,
        "sec_petals_xoffset": 4.37254750369188,
        "sec_petals_yoffset": 25,
        "sec_petals_segment": 23.792859750374692,
        "sec_petals_segment_length": 1.8293119478030122,
        "sec_petals_length": 17.59106955958791,
        "crown_mat_color": "#f2f0f0",
        "crown_mat_emissive": "#000000",
        "crown_mat_shininess": 0.2,
        "crown_mat_map": "first",
        "crown_mat_alpha": 0.35,
        "petal_one_mat_color": 11776942,
        "petal_one_mat_emissive": "#0c0c0c",
        "petal_one_mat_shininess": 0.8,
        "petal_one_mat_map": "second",
        "petal_one_mat_alpha": 0.35,
        "petal_two_mat_color": 16777215,
        "petal_two_mat_emissive": "#000000",
        "petal_two_mat_shininess": 0.8,